isin,bond_name,rating,bond_yield,min_Investment,payout_frequency,logo_url,detail_url,tenure,maturity_date
IN0020230036,G-Sec Apr ’30,Sovereign,6.50%,₹103,Semi Annually,https://cdn.bondscanner.com/issuer-assets/WXWT9FJ2AH/logo_1772205552.png,https://bondscanner.com/deal-details/IN0020230036/VRAU8IOF5N,3.78,17-04-2030
INE00XL07015,B.N. Agritech Nov ’28,A,11.20%,"₹9,932",Quarterly,https://cdn.bondscanner.com/issuer-assets/HYTD9553PR/logo_1780300920.png,https://bondscanner.com/deal-details/INE00XL07015/RI8D34Y7YO,2.39,27-11-2028
INE01HV07635,Hari and Company Investments Madras May ’28,A+,10.10%,"₹10,003",Quarterly,https://cdn.bondscanner.com/issuer-assets/H3U6JWESSY/logo_1782195292.png,https://bondscanner.com/deal-details/INE01HV07635/D2IO9XSWCE,1.82,04-05-2028
INE01YL07409,EarlySalary Services Jan ’28,A-,11.25%,"₹100,018",Monthly,https://cdn.bondscanner.com/strapi-assets/Frame_1707480411_4ad6648c95.webp,https://bondscanner.com/deal-details/INE01YL07409/Q26JYG9EJC,1.50,08-01-2028
INE01YL07433,EarlySalary Services Jun ’28,A-,11.15%,"₹100,331",Quarterly,https://cdn.bondscanner.com/strapi-assets/Frame_1707480411_4ad6648c95.webp,https://bondscanner.com/deal-details/INE01YL07433/2ZNUPDLRMM,1.92,09-06-2028
INE01YL07441,EarlySalary Services Jul ’28,A-,11.12%,"₹99,728",Quarterly,https://cdn.bondscanner.com/strapi-assets/Frame_1707480411_4ad6648c95.webp,https://bondscanner.com/deal-details/INE01YL07441/2AIJK8GOUL,1.99,04-07-2028
INE02KN08012,Godrej Finance Apr ’36,AA+,8.50%,"₹101,552",Annual,https://cdn.bondscanner.com/issuer-assets/HGZ4PL9GAU/logo_1779689482.png,https://bondscanner.com/deal-details/INE02KN08012/O19FIKNYAF,9.81,28-04-2036
INE04UP07170,Best Capital Mar ’29,BBB,14.00%,"₹9,113",Monthly,https://cdn.bondscanner.com/issuer-assets/XA4YVZHHCW/logo_1774958604.png,https://bondscanner.com/deal-details/INE04UP07170/2XFRWJQ03O,2.73,30-03-2029
INE071G07439,ICICI Home Finance Aug ’31,AAA,7.45%,"₹1,055,867",Annual,https://cdn.bondscanner.com/issuer-assets/ZV3Q5KY1RH/logo_1781523484.png,https://bondscanner.com/deal-details/INE071G07439/X3TT4PP9YU,5.09,12-08-2031
INE087P07485,Avanse Financial Services Sep ’27,AA-,8.75%,"₹107,322",Annual,https://cdn.bondscanner.com/issuer-assets/2M2LVWFVAR/logo_1781523452.png,https://bondscanner.com/deal-details/INE087P07485/TBBRSA8WJM,1.17,10-09-2027
INE08XP07498,Akara Capital Nov ’27,BBB,15.00%,"₹9,756",Monthly,https://cdn.bondscanner.com/strapi-assets/Frame_1707480408_0b0d5b8c10.webp,https://bondscanner.com/deal-details/INE08XP07498/N64O6NJ8KE,1.33,07-11-2027
INE09B308044,Slice Dec ’31,BBB+,12.80%,"₹99,228",Monthly,https://cdn.bondscanner.com/issuer-assets/RSBYZWMKDI/logo_1774011986.png,https://bondscanner.com/deal-details/INE09B308044/CGCPY77MXI,5.44,17-12-2031
INE0BUS07CJ2,Indel Money Jan ’29,A-,11.15%,"₹100,405",Monthly,https://cdn.bondscanner.com/issuer-assets/G0Z4IVQFVE/logo_1775192276.png,https://bondscanner.com/deal-details/INE0BUS07CJ2/1CDWI9CFL0,2.54,23-01-2029
INE0BUS07CK0,Indel Money Apr ’28,A-,11.45%,"₹9,831",Monthly,https://cdn.bondscanner.com/issuer-assets/G0Z4IVQFVE/logo_1775192276.png,https://bondscanner.com/deal-details/INE0BUS07CK0/ED0HDYSJM0,1.78,17-04-2028
INE0BUS08047,Indel Money Jun ’32,A-,13.30%,"₹98,707",Monthly,https://cdn.bondscanner.com/issuer-assets/G0Z4IVQFVE/logo_1775192276.png,https://bondscanner.com/deal-details/INE0BUS08047/RS1HL4V5TV,5.92,09-06-2032
INE0GCN07039,Adani Airports Jun ’28,AA-,8.50%,"₹102,638",Annual,https://cdn.bondscanner.com/issuer-assets/GG4GC9R4KR/logo_1771941145.png,https://bondscanner.com/deal-details/INE0GCN07039/G4FGDG837G,1.93,12-06-2028
INE0I5X07034,Monedo Financial Services Jul ’27,BBB-,15.00%,"₹99,339",Monthly,https://cdn.bondscanner.com/issuer-assets/7R64OM6LIR/logo_1782373567.png,https://bondscanner.com/deal-details/INE0I5X07034/94W0FN0KTS,1.03,19-07-2027
INE0IID07553,Prachay Capital Mar ’30,BBB-,13.80%,"₹10,032",Monthly,https://cdn.bondscanner.com/issuer-assets/8IABVO9YVC/logo_1780551055.png,https://bondscanner.com/deal-details/INE0IID07553/RQZ521B02K,3.70,20-03-2030
INE0JYY07026,Mangalam Apr ’29,A+,11.05%,"₹100,429",Quarterly,https://cdn.bondscanner.com/issuer-assets/RDHCLX0DGM/logo_1778220948.png,https://bondscanner.com/deal-details/INE0JYY07026/IX3OZA8XDE,2.81,28-04-2029
INE0JZO07040,Lucina Land Jan ’29,A-,13.20%,"₹101,176",Monthly,https://cdn.bondscanner.com/issuer-assets/YXE0TFSRC8/logo_1781860001.png,https://bondscanner.com/deal-details/INE0JZO07040/6YTKP09SXZ,2.56,30-01-2029
INE0MEG07029,Viviana Power Tech May ’28,BBB-,12.62%,"₹9,969",Monthly,https://cdn.bondscanner.com/issuer-assets/CFIXVM1WW8/logo_1780577167.png,https://bondscanner.com/deal-details/INE0MEG07029/3MIOBDBOMQ,1.87,21-05-2028
INE0NES07147,Keertana Finserv May ’27,BBB+,13.50%,"₹39,904",Monthly,https://cdn.bondscanner.com/issuer-assets/BP8O7XLW8G/logo_1764160292.png,https://bondscanner.com/deal-details/INE0NES07147/URC4NT9SO8,0.88,26-05-2027
INE101Q07BX1,Muthoot Mcred Jun ’28,A,11.10%,"₹9,768",Monthly,https://cdn.bondscanner.com/issuer-assets/10EFL8UCYL/logo_1771595713.png,https://bondscanner.com/deal-details/INE101Q07BX1/OP9MQ9UD6B,1.94,17-06-2028
INE105N07738,Oriental Nagpur Betul Highway Mar ’27,AAA,8.00%,"₹103,221",Semi-Annual,https://cdn.bondscanner.com/issuer-assets/LMDKDUN8BF/logo_1780551082.png,https://bondscanner.com/deal-details/INE105N07738/N5XZQOGW1E,0.73,30-03-2027
INE109C07147,Arman Financial Services Sep ’28,A-,11.55%,"₹99,901",Quarterly,https://cdn.bondscanner.com/issuer-assets/AYEYF1BJEQ/logo_1774964448.png,https://bondscanner.com/deal-details/INE109C07147/W20QUO39SW,2.21,25-09-2028
INE146O07540,Hinduja Leyland May ’30,AA+,8.10%,"₹102,563",Annual,https://cdn.bondscanner.com/issuer-assets/OOWBT2Y63B/logo_1768461370.png,https://bondscanner.com/deal-details/INE146O07540/RGU9RBVZLO,3.83,06-05-2030
INE14H407116,Finnable Credit Aug ’28,BBB+,11.85%,"₹9,990",Monthly,https://cdn.bondscanner.com/issuer-assets/FR1RVI7HKH/logo_1772711247.png,https://bondscanner.com/deal-details/INE14H407116/TVOBF9JUTI,2.13,26-08-2028
INE179P07621,Dvara Kshetriya Jan ’29,BBB+,13.20%,"₹9,756",Monthly,https://cdn.bondscanner.com/issuer-assets/N8DCSL78LZ/logo_1764660578.png,https://bondscanner.com/deal-details/INE179P07621/YA2U5NC342,2.56,30-01-2029
INE180C07304,Capri Global Capital Apr ’29,AA,9.27%,"₹99,880",Monthly,https://cdn.bondscanner.com/issuer-assets/DCVXVBK03R/logo_1773754592.png,https://bondscanner.com/deal-details/INE180C07304/8D9SXT9WKI,2.81,30-04-2029
INE1VXE07015,STL Networks Sep ’27,A-,11.00%,"₹100,663",Quarterly,https://cdn.bondscanner.com/issuer-assets/5EOQO4VUIV/logo_1780061354.png,https://bondscanner.com/deal-details/INE1VXE07015/5EES9SERE3,1.15,02-09-2027
INE1VXE07023,STL Networks Jun ’28,A-,11.05%,"₹101,306",Quarterly,https://cdn.bondscanner.com/issuer-assets/5EOQO4VUIV/logo_1780061354.png,https://bondscanner.com/deal-details/INE1VXE07023/F2V8IR3XXC,1.98,30-06-2028
INE229U07186,Namra Finance Apr ’28,A-,11.50%,"₹101,969",Quarterly,https://cdn.bondscanner.com/issuer-assets/VZ1MBPWUY0/logo_1778228152.png,https://bondscanner.com/deal-details/INE229U07186/CXXNS7G48N,1.79,24-04-2028
INE281B07013,Lloyds Metals and Energy Jan ’31,AA,8.90%,"₹103,315",Quarterly,https://cdn.bondscanner.com/issuer-assets/XW2NOLS2E1/logo_1771857403.png,https://bondscanner.com/deal-details/INE281B07013/XYMZZF0405,4.56,30-01-2031
INE296Q07142,Moneyboxx Oct ’27,BBB,12.30%,"₹9,827",Monthly,https://cdn.bondscanner.com/issuer-assets/GK54JELMQP/logo_1765286642.png,https://bondscanner.com/deal-details/INE296Q07142/LQ1MZIM3FW,1.27,16-10-2027
INE296Q07159,Moneyboxx Nov ’27,BBB,12.30%,"₹9,857",Monthly,https://cdn.bondscanner.com/issuer-assets/GK54JELMQP/logo_1765286642.png,https://bondscanner.com/deal-details/INE296Q07159/63PYLH5QVE,1.39,28-11-2027
INE296Q07167,Moneyboxx Apr ’28,BBB,12.30%,"₹9,779",Monthly,https://cdn.bondscanner.com/issuer-assets/GK54JELMQP/logo_1765286642.png,https://bondscanner.com/deal-details/INE296Q07167/1K9CHXW0CJ,1.75,08-04-2028
INE321N07590,InCred Finance Dec ’27,AA-,9.25%,"₹100,405",Quarterly,https://cdn.bondscanner.com/issuer-assets/YVDQ2P9KG5/logo_1774274546.png,https://bondscanner.com/deal-details/INE321N07590/OUSYPE3TA9,1.41,06-12-2027
INE321N07632,InCred Finance Mar ’28,AA-,9.25%,"₹100,377",Quarterly,https://cdn.bondscanner.com/issuer-assets/YVDQ2P9KG5/logo_1774274546.png,https://bondscanner.com/deal-details/INE321N07632/FAYLWX30N5,1.66,06-03-2028
INE321N07699,InCred Finance Jun ’28,AA-,9.40%,"₹99,878",Quarterly,https://cdn.bondscanner.com/issuer-assets/YVDQ2P9KG5/logo_1774274546.png,https://bondscanner.com/deal-details/INE321N07699/T0GEYZXLJO,1.93,12-06-2028
INE342T07668,Navi Finserv Dec ’28,A,10.60%,"₹10,100",Monthly,https://cdn.bondscanner.com/issuer-assets/V0LR2J7XNS/logo_1764159868.png,https://bondscanner.com/deal-details/INE342T07668/RDE3ZZFWPF,2.48,31-12-2028
INE342T07684,Navi Finserv May ’28,A,11.00%,"₹99,312",Monthly,https://cdn.bondscanner.com/issuer-assets/V0LR2J7XNS/logo_1764159868.png,https://bondscanner.com/deal-details/INE342T07684/MB2C3ITTOP,1.90,31-05-2028
INE342T07718,Navi Finserv Mar ’28,A,11.00%,"₹99,536",Monthly,https://cdn.bondscanner.com/issuer-assets/V0LR2J7XNS/logo_1764159868.png,https://bondscanner.com/deal-details/INE342T07718/VLSDJ4JY6M,1.73,31-03-2028
INE342T07726,Navi Finserv Aug ’29,A,11.05%,"₹100,162",Monthly,https://cdn.bondscanner.com/issuer-assets/V0LR2J7XNS/logo_1764159868.png,https://bondscanner.com/deal-details/INE342T07726/M2IWAGSS43,3.15,31-08-2029
INE385W07059,Dishman Carbogen Jan ’29,A,10.85%,"₹82,544",Quarterly,https://cdn.bondscanner.com/issuer-assets/G6XVA50UFF/logo_1780550967.png,https://bondscanner.com/deal-details/INE385W07059/4TKBEEYU85,2.53,20-01-2029
INE385W07067,Dishman Carbogen Dec ’27,A,11.25%,"₹99,734",Quarterly,https://cdn.bondscanner.com/issuer-assets/G6XVA50UFF/logo_1780550967.png,https://bondscanner.com/deal-details/INE385W07067/XW9HO06FOF,1.42,09-12-2027
INE389Z07096,Profectus Capital Jan ’28,A+,10.30%,"₹99,137",Monthly,https://cdn.bondscanner.com/issuer-assets/U1OXDXRCCT/logo_1769688915.png,https://bondscanner.com/deal-details/INE389Z07096/306258W0WI,1.53,19-01-2028
INE389Z07104,Profectus Capital Feb ’28,A+,10.50%,"₹9,817",Monthly,https://cdn.bondscanner.com/issuer-assets/U1OXDXRCCT/logo_1769688915.png,https://bondscanner.com/deal-details/INE389Z07104/8WNFNRRTSV,1.62,20-02-2028
INE403Q07HB4,Kosamattam Finance May ’29,A,11.05%,"₹97,016",Monthly,https://cdn.bondscanner.com/issuer-assets/9U05BMZY66/logo_1773057855.png,https://bondscanner.com/deal-details/INE403Q07HB4/JN7WBTWQZI,2.89,27-05-2029
INE403Q08357,Kosamattam Finance Nov ’31,A,11.75%,"₹99,509",Monthly,https://cdn.bondscanner.com/issuer-assets/9U05BMZY66/logo_1773057855.png,https://bondscanner.com/deal-details/INE403Q08357/S8QUZ37B22,5.33,07-11-2031
INE413U07434,IIFL Samasta Sep ’28,AA-,10.65%,"₹99,383",Quarterly,https://cdn.bondscanner.com/issuer-assets/SRJ6979SV3/logo_1768486748.png,https://bondscanner.com/deal-details/INE413U07434/XNT67S5QJX,2.18,12-09-2028
INE420C07163,Paisalo Dec ’28,AA,10.50%,"₹97,225",Quarterly,https://cdn.bondscanner.com/issuer-assets/59RPX3W75H/logo_1770037027.png,https://bondscanner.com/deal-details/INE420C07163/X0WZEP0X9Z,2.42,09-12-2028
INE420C07189,Paisalo Sep ’28,AA,10.35%,"₹98,472",Monthly,https://cdn.bondscanner.com/issuer-assets/59RPX3W75H/logo_1770037027.png,https://bondscanner.com/deal-details/INE420C07189/M13MTMYZR5,2.19,18-09-2028
INE423A07484,Adani Enterprises Jan ’28,AA-,8.50%,"₹10,410",Annual,https://cdn.bondscanner.com/issuer-assets/XT359A167O/logo_1770021137.png,https://bondscanner.com/deal-details/INE423A07484/OTAASPKNFW,1.51,12-01-2028
INE423A07500,Adani Enterprises Jan ’28,AA-,8.50%,"₹10,422",Annual,https://cdn.bondscanner.com/issuer-assets/XT359A167O/logo_1770021137.png,https://bondscanner.com/deal-details/INE423A07500/2K2TGHWEPW,1.51,12-01-2028
INE516Q08497,Asirvad Micro Finance May ’33,AA-,10.55%,"₹101,889",Annual,https://cdn.bondscanner.com/issuer-assets/H1L058KGHV/logo_1781523366.png,https://bondscanner.com/deal-details/INE516Q08497/ZFAXKX3UDC,6.88,26-05-2033
INE516Y07444,Piramal Finance Sep ’31,AA,9.20%,"₹74,726",Semi-Annual,https://cdn.bondscanner.com/issuer-assets/F1771RZ0G1/logo_1771941078.png,https://bondscanner.com/deal-details/INE516Y07444/ZE0T0BSV48,5.22,26-09-2031
INE530B07617,IIFL Finance Mar ’28,AA,8.60%,"₹102,979",Annual,https://cdn.bondscanner.com/issuer-assets/9ITA5DZC9S/logo_1773832206.png,https://bondscanner.com/deal-details/INE530B07617/I6IJW6YGZP,1.66,06-03-2028
INE549K07HB7,Muthoot Fincorp Oct ’28,AA,9.15%,"₹100,307",Monthly,https://cdn.bondscanner.com/issuer-assets/X7XWMS7KU9/logo_1768821863.png,https://bondscanner.com/deal-details/INE549K07HB7/28SO3Q7O8X,2.31,29-10-2028
INE549K07HD3,Muthoot Fincorp Dec ’28,AA,9.15%,"₹100,225",Monthly,https://cdn.bondscanner.com/issuer-assets/X7XWMS7KU9/logo_1768821863.png,https://bondscanner.com/deal-details/INE549K07HD3/ZYDIPPKOWZ,2.43,12-12-2028
INE549K07HQ5,Muthoot Fincorp Mar ’29,AA,9.00%,"₹100,292",Monthly,https://cdn.bondscanner.com/issuer-assets/X7XWMS7KU9/logo_1768821863.png,https://bondscanner.com/deal-details/INE549K07HQ5/09X2TTN5US,2.66,06-03-2029
INE549K08590,Muthoot Fincorp Dec ’33,AA,10.50%,"₹102,150",Monthly,https://cdn.bondscanner.com/issuer-assets/X7XWMS7KU9/logo_1768821863.png,https://bondscanner.com/deal-details/INE549K08590/2H3NUW2RNS,7.48,30-12-2033
INE583D07570,UGRO Capital Oct ’26,A+,9.00%,"₹102,560",Annual,https://cdn.bondscanner.com/strapi-assets/Frame_1707480418_0c5badaaed.webp,https://bondscanner.com/deal-details/INE583D07570/WB6NNEUHP9,0.29,24-10-2026
INE583D07638,UGRO Capital Jun ’29,A+,10.55%,"₹9,955",Monthly,https://cdn.bondscanner.com/strapi-assets/Frame_1707480418_0c5badaaed.webp,https://bondscanner.com/deal-details/INE583D07638/C0P5UM3Y27,2.94,16-06-2029
INE741K07611,CreditAccess Grameen Jun ’28,AA-,9.20%,"₹100,957",Quarterly,https://cdn.bondscanner.com/issuer-assets/0ABCY3V05L/logo_1783078838.png,https://bondscanner.com/deal-details/INE741K07611/E3J7Q0I4WG,1.97,26-06-2028
INE859C07253,IKF Finance Mar ’28,AA-,9.20%,"₹10,010",Quarterly,https://cdn.bondscanner.com/issuer-assets/77POWP4NTI/logo_1780550936.png,https://bondscanner.com/deal-details/INE859C07253/E8UT05COB5,1.67,10-03-2028
INE926R07035,Unifinz Capital India May ’28,BBB-,15.50%,"₹9,776",Monthly,https://cdn.bondscanner.com/issuer-assets/3W31IEDGNY/logo_1772021730.png,https://bondscanner.com/deal-details/INE926R07035/CLV7N8D6S4,1.87,20-05-2028
INE964R07093,Regency Fincorp Dec ’28,BBB-,14.50%,"₹9,848",Monthly,https://cdn.bondscanner.com/issuer-assets/FPJV5YWFWN/logo_1770722950.png,https://bondscanner.com/deal-details/INE964R07093/R1GBWJ18WI,2.45,19-12-2028
